index, timestamp, memory.used [MiB], memory.total [MiB], utilization.gpu [%]
0, 2026/10/08 20:44:01.970, 4232 MiB, 16311 MiB, 1 %
1, 2026/10/08 20:44:01.972, 359 MiB, 12288 MiB, 0 %
0, 2026/10/08 20:44:02.981, 4200 MiB, 16311 MiB, 1 %
1, 2026/10/08 20:44:02.981, 359 MiB, 12288 MiB, 0 %
0, 2026/10/08 20:44:03.993, 5643 MiB, 16311 MiB, 88 %
1, 2026/10/08 20:44:03.993, 359 MiB, 12288 MiB, 0 %
0, 2026/10/08 20:44:04.997, 5739 MiB, 16311 MiB, 89 %
1, 2026/10/08 20:44:04.997, 359 MiB, 12288 MiB, 2 %
0, 2026/10/08 20:44:06.006, 5732 MiB, 16311 MiB, 98 %
1, 2026/10/08 20:44:06.006, 359 MiB, 12288 MiB, 0 %
0, 2026/10/08 20:44:07.018, 5726 MiB, 16311 MiB, 99 %
1, 2026/10/08 20:44:07.018, 359 MiB, 12288 MiB, 0 %
0, 2026/10/08 20:44:08.034, 5726 MiB, 16311 MiB, 99 %
1, 2026/10/08 20:44:08.034, 359 MiB, 12288 MiB, 0 %
0, 2026/10/08 20:44:09.049, 5731 MiB, 16311 MiB, 74 %
1, 2026/10/08 20:44:09.049, 359 MiB, 12288 MiB, 0 %
0, 2026/10/08 20:44:10.060, 6113 MiB, 16311 MiB, 21 %
1, 2026/10/08 20:44:10.060, 359 MiB, 12288 MiB, 0 %
0, 2026/10/08 20:44:11.073, 7265 MiB, 16311 MiB, 60 %
1, 2026/10/08 20:44:11.073, 359 MiB, 12288 MiB, 0 %
0, 2026/10/08 20:44:12.087, 7388 MiB, 16311 MiB, 74 %
1, 2026/10/08 20:44:12.087, 359 MiB, 12288 MiB, 0 %
0, 2026/10/08 20:44:13.102, 7420 MiB, 16311 MiB, 59 %
1, 2026/10/08 20:44:13.102, 359 MiB, 12288 MiB, 0 %
0, 2026/10/08 20:44:14.117, 7417 MiB, 16311 MiB, 61 %
1, 2026/10/08 20:44:14.117, 359 MiB, 12288 MiB, 0 %
0, 2026/10/08 20:44:15.126, 7449 MiB, 16311 MiB, 64 %
1, 2026/10/08 20:44:15.126, 359 MiB, 12288 MiB, 0 %
0, 2026/10/08 20:44:16.136, 7457 MiB, 16311 MiB, 11 %
1, 2026/10/08 20:44:16.136, 359 MiB, 12288 MiB, 0 %
0, 2026/10/08 20:44:17.146, 7456 MiB, 16311 MiB, 32 %
1, 2026/10/08 20:44:17.146, 359 MiB, 12288 MiB, 0 %
0, 2026/10/08 20:44:18.153, 7772 MiB, 16311 MiB, 26 %
1, 2026/10/08 20:44:18.153, 359 MiB, 12288 MiB, 0 %
0, 2026/10/08 20:44:19.163, 8988 MiB, 16311 MiB, 8 %
1, 2026/10/08 20:44:19.163, 359 MiB, 12288 MiB, 0 %
0, 2026/10/08 20:44:20.176, 10012 MiB, 16311 MiB, 100 %
1, 2026/10/08 20:44:20.176, 359 MiB, 12288 MiB, 0 %
0, 2026/10/08 20:44:21.185, 10076 MiB, 16311 MiB, 100 %
1, 2026/10/08 20:44:21.185, 359 MiB, 12288 MiB, 0 %
0, 2026/10/08 20:44:22.192, 10140 MiB, 16311 MiB, 100 %
1, 2026/10/08 20:44:22.192, 359 MiB, 12288 MiB, 0 %
0, 2026/10/08 20:44:23.204, 10140 MiB, 16311 MiB, 100 %
1, 2026/10/08 20:44:23.204, 359 MiB, 12288 MiB, 0 %
0, 2026/10/08 20:44:24.216, 10204 MiB, 16311 MiB, 100 %
1, 2026/10/08 20:44:24.216, 359 MiB, 12288 MiB, 0 %
0, 2026/10/08 20:44:25.225, 10204 MiB, 16311 MiB, 100 %
1, 2026/10/08 20:44:25.225, 359 MiB, 12288 MiB, 0 %
0, 2026/10/08 20:44:26.235, 10844 MiB, 16311 MiB, 100 %
1, 2026/10/08 20:44:26.235, 359 MiB, 12288 MiB, 0 %
0, 2026/10/08 20:44:27.243, 10844 MiB, 16311 MiB, 100 %
1, 2026/10/08 20:44:27.243, 359 MiB, 12288 MiB, 0 %
0, 2026/10/08 20:44:28.252, 10844 MiB, 16311 MiB, 100 %
1, 2026/10/08 20:44:28.252, 359 MiB, 12288 MiB, 0 %
0, 2026/10/08 20:44:29.264, 10844 MiB, 16311 MiB, 100 %
1, 2026/10/08 20:44:29.264, 359 MiB, 12288 MiB, 2 %
0, 2026/10/08 20:44:30.275, 10844 MiB, 16311 MiB, 100 %
1, 2026/10/08 20:44:30.275, 359 MiB, 12288 MiB, 0 %
0, 2026/10/08 20:44:31.289, 10844 MiB, 16311 MiB, 100 %
1, 2026/10/08 20:44:31.289, 359 MiB, 12288 MiB, 0 %
0, 2026/10/08 20:44:32.298, 10844 MiB, 16311 MiB, 100 %
1, 2026/10/08 20:44:32.298, 359 MiB, 12288 MiB, 0 %
0, 2026/10/08 20:44:33.310, 10844 MiB, 16311 MiB, 100 %
1, 2026/10/08 20:44:33.310, 359 MiB, 12288 MiB, 0 %
0, 2026/10/08 20:44:34.313, 10844 MiB, 16311 MiB, 100 %
1, 2026/10/08 20:44:34.313, 359 MiB, 12288 MiB, 0 %
0, 2026/10/08 20:44:35.328, 10849 MiB, 16311 MiB, 100 %
1, 2026/10/08 20:44:35.328, 359 MiB, 12288 MiB, 0 %
0, 2026/10/08 20:44:36.329, 10849 MiB, 16311 MiB, 100 %
1, 2026/10/08 20:44:36.329, 359 MiB, 12288 MiB, 0 %
0, 2026/10/08 20:44:37.339, 10844 MiB, 16311 MiB, 100 %
1, 2026/10/08 20:44:37.339, 359 MiB, 12288 MiB, 0 %
0, 2026/10/08 20:44:38.349, 10844 MiB, 16311 MiB, 100 %
1, 2026/10/08 20:44:38.349, 359 MiB, 12288 MiB, 0 %
0, 2026/10/08 20:44:39.361, 10844 MiB, 16311 MiB, 100 %
1, 2026/10/08 20:44:39.361, 359 MiB, 12288 MiB, 0 %
0, 2026/10/08 20:44:40.362, 10844 MiB, 16311 MiB, 100 %
1, 2026/10/08 20:44:40.362, 359 MiB, 12288 MiB, 1 %
0, 2026/10/08 20:44:41.373, 10844 MiB, 16311 MiB, 100 %
1, 2026/10/08 20:44:41.373, 359 MiB, 12288 MiB, 0 %
0, 2026/10/08 20:44:42.388, 10844 MiB, 16311 MiB, 100 %
1, 2026/10/08 20:44:42.388, 359 MiB, 12288 MiB, 0 %
0, 2026/10/08 20:44:43.399, 10844 MiB, 16311 MiB, 100 %
1, 2026/10/08 20:44:43.399, 359 MiB, 12288 MiB, 0 %
0, 2026/10/08 20:44:44.410, 10841 MiB, 16311 MiB, 98 %
1, 2026/10/08 20:44:44.410, 359 MiB, 12288 MiB, 0 %
0, 2026/10/08 20:44:45.422, 10841 MiB, 16311 MiB, 100 %
1, 2026/10/08 20:44:45.422, 359 MiB, 12288 MiB, 0 %
0, 2026/10/08 20:44:46.436, 10841 MiB, 16311 MiB, 100 %
1, 2026/10/08 20:44:46.436, 359 MiB, 12288 MiB, 0 %
0, 2026/10/08 20:44:47.444, 10841 MiB, 16311 MiB, 100 %
1, 2026/10/08 20:44:47.444, 359 MiB, 12288 MiB, 0 %
0, 2026/10/08 20:44:48.452, 10841 MiB, 16311 MiB, 100 %
1, 2026/10/08 20:44:48.452, 359 MiB, 12288 MiB, 0 %
0, 2026/10/08 20:44:49.460, 10841 MiB, 16311 MiB, 100 %
1, 2026/10/08 20:44:49.460, 359 MiB, 12288 MiB, 0 %
0, 2026/10/08 20:44:50.467, 10841 MiB, 16311 MiB, 100 %
1, 2026/10/08 20:44:50.467, 359 MiB, 12288 MiB, 0 %
0, 2026/10/08 20:44:51.477, 10841 MiB, 16311 MiB, 100 %
1, 2026/10/08 20:44:51.477, 359 MiB, 12288 MiB, 0 %
0, 2026/10/08 20:44:52.487, 10841 MiB, 16311 MiB, 100 %
1, 2026/10/08 20:44:52.487, 359 MiB, 12288 MiB, 0 %
0, 2026/10/08 20:44:53.488, 10849 MiB, 16311 MiB, 100 %
1, 2026/10/08 20:44:53.488, 359 MiB, 12288 MiB, 0 %
0, 2026/10/08 20:44:54.502, 10849 MiB, 16311 MiB, 100 %
1, 2026/10/08 20:44:54.502, 359 MiB, 12288 MiB, 0 %
0, 2026/10/08 20:44:55.515, 10844 MiB, 16311 MiB, 100 %
1, 2026/10/08 20:44:55.515, 359 MiB, 12288 MiB, 1 %
0, 2026/10/08 20:44:56.519, 10844 MiB, 16311 MiB, 100 %
1, 2026/10/08 20:44:56.519, 359 MiB, 12288 MiB, 0 %
0, 2026/10/08 20:44:57.531, 10844 MiB, 16311 MiB, 100 %
1, 2026/10/08 20:44:57.543, 359 MiB, 12288 MiB, 0 %
0, 2026/10/08 20:44:58.555, 10844 MiB, 16311 MiB, 100 %
1, 2026/10/08 20:44:58.555, 359 MiB, 12288 MiB, 0 %
0, 2026/10/08 20:44:59.567, 10844 MiB, 16311 MiB, 100 %
1, 2026/10/08 20:44:59.567, 359 MiB, 12288 MiB, 3 %
0, 2026/10/08 20:45:00.581, 10844 MiB, 16311 MiB, 100 %
1, 2026/10/08 20:45:00.581, 359 MiB, 12288 MiB, 0 %
0, 2026/10/08 20:45:01.592, 10844 MiB, 16311 MiB, 100 %
1, 2026/10/08 20:45:01.592, 359 MiB, 12288 MiB, 0 %
0, 2026/10/08 20:45:02.601, 10844 MiB, 16311 MiB, 100 %
1, 2026/10/08 20:45:02.601, 359 MiB, 12288 MiB, 0 %
0, 2026/10/08 20:45:03.613, 10841 MiB, 16311 MiB, 82 %
1, 2026/10/08 20:45:03.613, 359 MiB, 12288 MiB, 0 %
0, 2026/10/08 20:45:04.625, 10849 MiB, 16311 MiB, 100 %
1, 2026/10/08 20:45:04.625, 359 MiB, 12288 MiB, 2 %
0, 2026/10/08 20:45:05.635, 10849 MiB, 16311 MiB, 100 %
1, 2026/10/08 20:45:05.635, 359 MiB, 12288 MiB, 0 %
0, 2026/10/08 20:45:06.648, 10844 MiB, 16311 MiB, 100 %
1, 2026/10/08 20:45:06.648, 359 MiB, 12288 MiB, 0 %
0, 2026/10/08 20:45:07.660, 10844 MiB, 16311 MiB, 100 %
1, 2026/10/08 20:45:07.660, 359 MiB, 12288 MiB, 0 %
0, 2026/10/08 20:45:08.672, 10844 MiB, 16311 MiB, 100 %
1, 2026/10/08 20:45:08.672, 359 MiB, 12288 MiB, 0 %
0, 2026/10/08 20:45:09.677, 10844 MiB, 16311 MiB, 100 %
1, 2026/10/08 20:45:09.677, 359 MiB, 12288 MiB, 2 %
0, 2026/10/08 20:45:10.688, 10841 MiB, 16311 MiB, 100 %
1, 2026/10/08 20:45:10.688, 359 MiB, 12288 MiB, 0 %
0, 2026/10/08 20:45:11.703, 10841 MiB, 16311 MiB, 100 %
1, 2026/10/08 20:45:11.703, 359 MiB, 12288 MiB, 0 %
0, 2026/10/08 20:45:12.717, 10841 MiB, 16311 MiB, 100 %
1, 2026/10/08 20:45:12.717, 359 MiB, 12288 MiB, 0 %
0, 2026/10/08 20:45:13.720, 10841 MiB, 16311 MiB, 100 %
1, 2026/10/08 20:45:13.720, 359 MiB, 12288 MiB, 2 %
0, 2026/10/08 20:45:14.732, 10841 MiB, 16311 MiB, 100 %
1, 2026/10/08 20:45:14.732, 359 MiB, 12288 MiB, 2 %
0, 2026/10/08 20:45:15.732, 10841 MiB, 16311 MiB, 100 %
1, 2026/10/08 20:45:15.732, 359 MiB, 12288 MiB, 0 %
0, 2026/10/08 20:45:16.745, 10841 MiB, 16311 MiB, 100 %
1, 2026/10/08 20:45:16.745, 359 MiB, 12288 MiB, 0 %
0, 2026/10/08 20:45:17.760, 10841 MiB, 16311 MiB, 100 %
1, 2026/10/08 20:45:17.760, 359 MiB, 12288 MiB, 0 %
0, 2026/10/08 20:45:18.770, 10841 MiB, 16311 MiB, 100 %
1, 2026/10/08 20:45:18.770, 359 MiB, 12288 MiB, 0 %
0, 2026/10/08 20:45:19.781, 10841 MiB, 16311 MiB, 100 %
1, 2026/10/08 20:45:19.781, 359 MiB, 12288 MiB, 3 %
0, 2026/10/08 20:45:20.781, 10849 MiB, 16311 MiB, 100 %
1, 2026/10/08 20:45:20.781, 359 MiB, 12288 MiB, 0 %
0, 2026/10/08 20:45:21.787, 10849 MiB, 16311 MiB, 100 %
1, 2026/10/08 20:45:21.787, 359 MiB, 12288 MiB, 0 %
0, 2026/10/08 20:45:22.799, 10844 MiB, 16311 MiB, 78 %
1, 2026/10/08 20:45:22.799, 359 MiB, 12288 MiB, 0 %
0, 2026/10/08 20:45:23.808, 10844 MiB, 16311 MiB, 100 %
1, 2026/10/08 20:45:23.808, 359 MiB, 12288 MiB, 0 %
0, 2026/10/08 20:45:24.822, 10844 MiB, 16311 MiB, 100 %
1, 2026/10/08 20:45:24.822, 359 MiB, 12288 MiB, 2 %
0, 2026/10/08 20:45:25.833, 10844 MiB, 16311 MiB, 100 %
1, 2026/10/08 20:45:25.833, 359 MiB, 12288 MiB, 0 %
0, 2026/10/08 20:45:26.845, 10844 MiB, 16311 MiB, 100 %
1, 2026/10/08 20:45:26.845, 359 MiB, 12288 MiB, 0 %
0, 2026/10/08 20:45:27.846, 10844 MiB, 16311 MiB, 100 %
1, 2026/10/08 20:45:27.846, 359 MiB, 12288 MiB, 0 %
0, 2026/10/08 20:45:28.860, 10846 MiB, 16311 MiB, 100 %
1, 2026/10/08 20:45:28.860, 359 MiB, 12288 MiB, 0 %
0, 2026/10/08 20:45:29.873, 10843 MiB, 16311 MiB, 100 %
1, 2026/10/08 20:45:29.873, 359 MiB, 12288 MiB, 3 %
0, 2026/10/08 20:45:30.885, 10843 MiB, 16311 MiB, 100 %
1, 2026/10/08 20:45:30.885, 359 MiB, 12288 MiB, 0 %
0, 2026/10/08 20:45:31.896, 10843 MiB, 16311 MiB, 100 %
1, 2026/10/08 20:45:31.896, 359 MiB, 12288 MiB, 0 %
0, 2026/10/08 20:45:32.910, 9467 MiB, 16311 MiB, 50 %
1, 2026/10/08 20:45:32.910, 359 MiB, 12288 MiB, 0 %
0, 2026/10/08 20:45:33.919, 9467 MiB, 16311 MiB, 100 %
1, 2026/10/08 20:45:33.919, 359 MiB, 12288 MiB, 0 %
0, 2026/10/08 20:45:34.932, 10275 MiB, 16311 MiB, 100 %
1, 2026/10/08 20:45:34.932, 359 MiB, 12288 MiB, 3 %
0, 2026/10/08 20:45:35.946, 12739 MiB, 16311 MiB, 95 %
1, 2026/10/08 20:45:35.946, 359 MiB, 12288 MiB, 0 %
0, 2026/10/08 20:45:36.957, 12734 MiB, 16311 MiB, 100 %
1, 2026/10/08 20:45:36.957, 359 MiB, 12288 MiB, 0 %
0, 2026/10/08 20:45:37.968, 13022 MiB, 16311 MiB, 83 %
1, 2026/10/08 20:45:37.968, 359 MiB, 12288 MiB, 0 %
0, 2026/10/08 20:45:38.983, 7646 MiB, 16311 MiB, 16 %
1, 2026/10/08 20:45:38.983, 359 MiB, 12288 MiB, 0 %
0, 2026/10/08 20:45:39.992, 9278 MiB, 16311 MiB, 100 %
1, 2026/10/08 20:45:39.992, 359 MiB, 12288 MiB, 3 %
0, 2026/10/08 20:45:41.002, 9755 MiB, 16311 MiB, 100 %
1, 2026/10/08 20:45:41.002, 359 MiB, 12288 MiB, 0 %
0, 2026/10/08 20:45:42.012, 9819 MiB, 16311 MiB, 100 %
1, 2026/10/08 20:45:42.012, 359 MiB, 12288 MiB, 0 %
0, 2026/10/08 20:45:43.024, 9819 MiB, 16311 MiB, 100 %
1, 2026/10/08 20:45:43.024, 359 MiB, 12288 MiB, 0 %
0, 2026/10/08 20:45:44.038, 9819 MiB, 16311 MiB, 100 %
1, 2026/10/08 20:45:44.038, 359 MiB, 12288 MiB, 0 %
0, 2026/10/08 20:45:45.046, 9819 MiB, 16311 MiB, 100 %
1, 2026/10/08 20:45:45.046, 359 MiB, 12288 MiB, 2 %
0, 2026/10/08 20:45:46.054, 9827 MiB, 16311 MiB, 100 %
1, 2026/10/08 20:45:46.054, 359 MiB, 12288 MiB, 0 %
0, 2026/10/08 20:45:47.067, 9827 MiB, 16311 MiB, 100 %
1, 2026/10/08 20:45:47.067, 359 MiB, 12288 MiB, 0 %
0, 2026/10/08 20:45:48.078, 9822 MiB, 16311 MiB, 100 %
1, 2026/10/08 20:45:48.078, 359 MiB, 12288 MiB, 0 %
0, 2026/10/08 20:45:49.092, 9822 MiB, 16311 MiB, 100 %
1, 2026/10/08 20:45:49.092, 359 MiB, 12288 MiB, 0 %
0, 2026/10/08 20:45:50.107, 9822 MiB, 16311 MiB, 100 %
1, 2026/10/08 20:45:50.107, 359 MiB, 12288 MiB, 1 %
0, 2026/10/08 20:45:51.119, 9822 MiB, 16311 MiB, 100 %
1, 2026/10/08 20:45:51.119, 359 MiB, 12288 MiB, 0 %
0, 2026/10/08 20:45:52.129, 9822 MiB, 16311 MiB, 100 %
1, 2026/10/08 20:45:52.129, 359 MiB, 12288 MiB, 0 %
0, 2026/10/08 20:45:53.131, 9822 MiB, 16311 MiB, 100 %
1, 2026/10/08 20:45:53.131, 359 MiB, 12288 MiB, 0 %
0, 2026/10/08 20:45:54.145, 9819 MiB, 16311 MiB, 100 %
1, 2026/10/08 20:45:54.145, 359 MiB, 12288 MiB, 0 %
0, 2026/10/08 20:45:55.157, 9819 MiB, 16311 MiB, 100 %
1, 2026/10/08 20:45:55.157, 359 MiB, 12288 MiB, 1 %
0, 2026/10/08 20:45:56.164, 9819 MiB, 16311 MiB, 100 %
1, 2026/10/08 20:45:56.164, 359 MiB, 12288 MiB, 0 %
0, 2026/10/08 20:45:57.176, 9827 MiB, 16311 MiB, 100 %
1, 2026/10/08 20:45:57.176, 359 MiB, 12288 MiB, 0 %
0, 2026/10/08 20:45:58.185, 9827 MiB, 16311 MiB, 100 %
1, 2026/10/08 20:45:58.185, 359 MiB, 12288 MiB, 0 %
0, 2026/10/08 20:45:59.201, 9822 MiB, 16311 MiB, 100 %
1, 2026/10/08 20:45:59.201, 359 MiB, 12288 MiB, 0 %
0, 2026/10/08 20:46:00.216, 9822 MiB, 16311 MiB, 100 %
1, 2026/10/08 20:46:00.216, 359 MiB, 12288 MiB, 0 %
0, 2026/10/08 20:46:01.223, 9822 MiB, 16311 MiB, 100 %
1, 2026/10/08 20:46:01.223, 359 MiB, 12288 MiB, 0 %
0, 2026/10/08 20:46:02.235, 9822 MiB, 16311 MiB, 100 %
1, 2026/10/08 20:46:02.235, 359 MiB, 12288 MiB, 0 %
0, 2026/10/08 20:46:03.247, 9822 MiB, 16311 MiB, 100 %
1, 2026/10/08 20:46:03.247, 359 MiB, 12288 MiB, 0 %
0, 2026/10/08 20:46:04.259, 9822 MiB, 16311 MiB, 100 %
1, 2026/10/08 20:46:04.259, 359 MiB, 12288 MiB, 0 %
0, 2026/10/08 20:46:05.269, 9822 MiB, 16311 MiB, 100 %
1, 2026/10/08 20:46:05.269, 359 MiB, 12288 MiB, 1 %
0, 2026/10/08 20:46:06.284, 9822 MiB, 16311 MiB, 100 %
1, 2026/10/08 20:46:06.284, 359 MiB, 12288 MiB, 0 %
0, 2026/10/08 20:46:07.293, 9822 MiB, 16311 MiB, 100 %
1, 2026/10/08 20:46:07.293, 359 MiB, 12288 MiB, 0 %
0, 2026/10/08 20:46:08.304, 9822 MiB, 16311 MiB, 100 %
1, 2026/10/08 20:46:08.304, 359 MiB, 12288 MiB, 0 %
0, 2026/10/08 20:46:09.316, 9822 MiB, 16311 MiB, 100 %
1, 2026/10/08 20:46:09.316, 359 MiB, 12288 MiB, 0 %
0, 2026/10/08 20:46:10.326, 9822 MiB, 16311 MiB, 100 %
1, 2026/10/08 20:46:10.326, 359 MiB, 12288 MiB, 1 %
0, 2026/10/08 20:46:11.341, 9819 MiB, 16311 MiB, 100 %
1, 2026/10/08 20:46:11.341, 359 MiB, 12288 MiB, 0 %
0, 2026/10/08 20:46:12.356, 9819 MiB, 16311 MiB, 100 %
1, 2026/10/08 20:46:12.356, 359 MiB, 12288 MiB, 0 %
0, 2026/10/08 20:46:13.365, 9827 MiB, 16311 MiB, 100 %
1, 2026/10/08 20:46:13.365, 359 MiB, 12288 MiB, 0 %
0, 2026/10/08 20:46:14.375, 9827 MiB, 16311 MiB, 92 %
1, 2026/10/08 20:46:14.375, 359 MiB, 12288 MiB, 0 %
0, 2026/10/08 20:46:15.382, 9822 MiB, 16311 MiB, 100 %
1, 2026/10/08 20:46:15.382, 359 MiB, 12288 MiB, 1 %
0, 2026/10/08 20:46:16.392, 9822 MiB, 16311 MiB, 100 %
1, 2026/10/08 20:46:16.392, 359 MiB, 12288 MiB, 0 %
0, 2026/10/08 20:46:17.400, 8574 MiB, 16311 MiB, 100 %
1, 2026/10/08 20:46:17.400, 359 MiB, 12288 MiB, 0 %
0, 2026/10/08 20:46:18.411, 10814 MiB, 16311 MiB, 100 %
1, 2026/10/08 20:46:18.411, 359 MiB, 12288 MiB, 0 %
0, 2026/10/08 20:46:19.423, 11006 MiB, 16311 MiB, 100 %
1, 2026/10/08 20:46:19.423, 359 MiB, 12288 MiB, 0 %
0, 2026/10/08 20:46:20.431, 11902 MiB, 16311 MiB, 100 %
1, 2026/10/08 20:46:20.431, 359 MiB, 12288 MiB, 1 %
0, 2026/10/08 20:46:21.437, 12894 MiB, 16311 MiB, 100 %
1, 2026/10/08 20:46:21.437, 359 MiB, 12288 MiB, 0 %
0, 2026/10/08 20:46:22.449, 12062 MiB, 16311 MiB, 92 %
1, 2026/10/08 20:46:22.449, 359 MiB, 12288 MiB, 0 %
0, 2026/10/08 20:46:23.455, 8731 MiB, 16311 MiB, 91 %
1, 2026/10/08 20:46:23.455, 359 MiB, 12288 MiB, 0 %
0, 2026/10/08 20:46:24.467, 6427 MiB, 16311 MiB, 1 %
1, 2026/10/08 20:46:24.467, 359 MiB, 12288 MiB, 0 %
0, 2026/10/08 20:46:25.479, 6427 MiB, 16311 MiB, 2 %
1, 2026/10/08 20:46:25.479, 359 MiB, 12288 MiB, 1 %
0, 2026/10/08 20:46:26.492, 6427 MiB, 16311 MiB, 1 %
1, 2026/10/08 20:46:26.492, 359 MiB, 12288 MiB, 0 %
0, 2026/10/08 20:46:27.528, 6435 MiB, 16311 MiB, 2 %
1, 2026/10/08 20:46:27.541, 359 MiB, 12288 MiB, 0 %
0, 2026/10/08 20:46:28.543, 6430 MiB, 16311 MiB, 1 %
1, 2026/10/08 20:46:28.543, 359 MiB, 12288 MiB, 0 %
0, 2026/10/08 20:46:29.563, 6430 MiB, 16311 MiB, 2 %
1, 2026/10/08 20:46:29.563, 359 MiB, 12288 MiB, 0 %
0, 2026/10/08 20:46:30.580, 6438 MiB, 16311 MiB, 1 %
1, 2026/10/08 20:46:30.581, 359 MiB, 12288 MiB, 1 %
0, 2026/10/08 20:46:31.590, 6434 MiB, 16311 MiB, 1 %
1, 2026/10/08 20:46:31.590, 359 MiB, 12288 MiB, 0 %
0, 2026/10/08 20:46:32.609, 7810 MiB, 16311 MiB, 1 %
1, 2026/10/08 20:46:32.610, 359 MiB, 12288 MiB, 0 %
0, 2026/10/08 20:46:33.635, 7810 MiB, 16311 MiB, 1 %
1, 2026/10/08 20:46:33.635, 359 MiB, 12288 MiB, 0 %
0, 2026/10/08 20:46:34.645, 7810 MiB, 16311 MiB, 2 %
1, 2026/10/08 20:46:34.645, 359 MiB, 12288 MiB, 2 %
0, 2026/10/08 20:46:35.647, 7810 MiB, 16311 MiB, 50 %
1, 2026/10/08 20:46:35.647, 359 MiB, 12288 MiB, 0 %
0, 2026/10/08 20:46:36.661, 11010 MiB, 16311 MiB, 1 %
1, 2026/10/08 20:46:36.661, 359 MiB, 12288 MiB, 2 %
0, 2026/10/08 20:46:37.672, 11014 MiB, 16311 MiB, 1 %
1, 2026/10/08 20:46:37.672, 359 MiB, 12288 MiB, 0 %
0, 2026/10/08 20:46:38.711, 11014 MiB, 16311 MiB, 1 %
1, 2026/10/08 20:46:38.711, 359 MiB, 12288 MiB, 0 %
0, 2026/10/08 20:46:39.723, 11010 MiB, 16311 MiB, 2 %
1, 2026/10/08 20:46:39.723, 359 MiB, 12288 MiB, 3 %
0, 2026/10/08 20:46:40.739, 11010 MiB, 16311 MiB, 1 %
1, 2026/10/08 20:46:40.739, 359 MiB, 12288 MiB, 0 %
0, 2026/10/08 20:46:41.753, 11010 MiB, 16311 MiB, 1 %
1, 2026/10/08 20:46:41.753, 359 MiB, 12288 MiB, 0 %
0, 2026/10/08 20:46:42.763, 11234 MiB, 16311 MiB, 52 %
1, 2026/10/08 20:46:42.763, 359 MiB, 12288 MiB, 0 %
0, 2026/10/08 20:46:43.767, 11234 MiB, 16311 MiB, 98 %
1, 2026/10/08 20:46:43.767, 359 MiB, 12288 MiB, 0 %
0, 2026/10/08 20:46:44.774, 11230 MiB, 16311 MiB, 97 %
1, 2026/10/08 20:46:44.774, 359 MiB, 12288 MiB, 2 %
0, 2026/10/08 20:46:45.787, 8478 MiB, 16311 MiB, 99 %
1, 2026/10/08 20:46:45.787, 359 MiB, 12288 MiB, 0 %
0, 2026/10/08 20:46:46.799, 8958 MiB, 16311 MiB, 96 %
1, 2026/10/08 20:46:46.799, 359 MiB, 12288 MiB, 0 %
0, 2026/10/08 20:46:47.802, 8958 MiB, 16311 MiB, 97 %
1, 2026/10/08 20:46:47.802, 359 MiB, 12288 MiB, 0 %
0, 2026/10/08 20:46:48.813, 8955 MiB, 16311 MiB, 98 %
1, 2026/10/08 20:46:48.813, 359 MiB, 12288 MiB, 0 %
0, 2026/10/08 20:46:49.824, 8955 MiB, 16311 MiB, 96 %
1, 2026/10/08 20:46:49.824, 359 MiB, 12288 MiB, 2 %
0, 2026/10/08 20:46:50.839, 8955 MiB, 16311 MiB, 94 %
1, 2026/10/08 20:46:50.839, 359 MiB, 12288 MiB, 0 %
0, 2026/10/08 20:46:51.852, 4315 MiB, 16311 MiB, 5 %
1, 2026/10/08 20:46:51.852, 359 MiB, 12288 MiB, 0 %
0, 2026/10/08 20:46:52.859, 4347 MiB, 16311 MiB, 1 %
1, 2026/10/08 20:46:52.859, 359 MiB, 12288 MiB, 0 %
0, 2026/10/08 20:46:53.870, 4763 MiB, 16311 MiB, 34 %
1, 2026/10/08 20:46:53.870, 359 MiB, 12288 MiB, 0 %
0, 2026/10/08 20:46:54.875, 4771 MiB, 16311 MiB, 34 %
1, 2026/10/08 20:46:54.875, 359 MiB, 12288 MiB, 2 %
0, 2026/10/08 20:46:55.883, 4771 MiB, 16311 MiB, 1 %
1, 2026/10/08 20:46:55.883, 359 MiB, 12288 MiB, 0 %
0, 2026/10/08 20:46:56.893, 4766 MiB, 16311 MiB, 46 %
1, 2026/10/08 20:46:56.893, 359 MiB, 12288 MiB, 0 %
0, 2026/10/08 20:46:57.905, 4768 MiB, 16311 MiB, 1 %
1, 2026/10/08 20:46:57.905, 359 MiB, 12288 MiB, 0 %
0, 2026/10/08 20:46:58.919, 4768 MiB, 16311 MiB, 12 %
1, 2026/10/08 20:46:58.919, 359 MiB, 12288 MiB, 0 %
0, 2026/10/08 20:46:59.929, 5280 MiB, 16311 MiB, 21 %
1, 2026/10/08 20:46:59.929, 359 MiB, 12288 MiB, 2 %
0, 2026/10/08 20:47:00.937, 5280 MiB, 16311 MiB, 12 %
1, 2026/10/08 20:47:00.937, 359 MiB, 12288 MiB, 0 %
0, 2026/10/08 20:47:01.951, 5280 MiB, 16311 MiB, 12 %
1, 2026/10/08 20:47:01.951, 359 MiB, 12288 MiB, 0 %
0, 2026/10/08 20:47:02.959, 5280 MiB, 16311 MiB, 12 %
1, 2026/10/08 20:47:02.959, 359 MiB, 12288 MiB, 0 %
0, 2026/10/08 20:47:03.970, 5280 MiB, 16311 MiB, 12 %
1, 2026/10/08 20:47:03.970, 359 MiB, 12288 MiB, 0 %
0, 2026/10/08 20:47:04.980, 5277 MiB, 16311 MiB, 14 %
1, 2026/10/08 20:47:04.980, 359 MiB, 12288 MiB, 2 %
0, 2026/10/08 20:47:05.991, 5277 MiB, 16311 MiB, 14 %
1, 2026/10/08 20:47:05.991, 359 MiB, 12288 MiB, 0 %
0, 2026/10/08 20:47:07.003, 5285 MiB, 16311 MiB, 15 %
1, 2026/10/08 20:47:07.003, 359 MiB, 12288 MiB, 0 %
0, 2026/10/08 20:47:08.012, 5285 MiB, 16311 MiB, 13 %
1, 2026/10/08 20:47:08.012, 359 MiB, 12288 MiB, 0 %
0, 2026/10/08 20:47:09.024, 5280 MiB, 16311 MiB, 14 %
1, 2026/10/08 20:47:09.024, 359 MiB, 12288 MiB, 0 %
0, 2026/10/08 20:47:10.034, 5280 MiB, 16311 MiB, 13 %
1, 2026/10/08 20:47:10.034, 359 MiB, 12288 MiB, 2 %
0, 2026/10/08 20:47:11.047, 5280 MiB, 16311 MiB, 11 %
1, 2026/10/08 20:47:11.047, 359 MiB, 12288 MiB, 0 %
0, 2026/10/08 20:47:12.056, 5280 MiB, 16311 MiB, 12 %
1, 2026/10/08 20:47:12.056, 359 MiB, 12288 MiB, 0 %
0, 2026/10/08 20:47:13.066, 5280 MiB, 16311 MiB, 13 %
1, 2026/10/08 20:47:13.066, 359 MiB, 12288 MiB, 0 %
0, 2026/10/08 20:47:14.074, 5280 MiB, 16311 MiB, 12 %
1, 2026/10/08 20:47:14.074, 359 MiB, 12288 MiB, 0 %
0, 2026/10/08 20:47:15.082, 5280 MiB, 16311 MiB, 15 %
1, 2026/10/08 20:47:15.082, 359 MiB, 12288 MiB, 0 %
0, 2026/10/08 20:47:16.090, 5280 MiB, 16311 MiB, 18 %
1, 2026/10/08 20:47:16.090, 359 MiB, 12288 MiB, 0 %
0, 2026/10/08 20:47:17.093, 5280 MiB, 16311 MiB, 14 %
1, 2026/10/08 20:47:17.093, 359 MiB, 12288 MiB, 1 %
0, 2026/10/08 20:47:18.099, 5280 MiB, 16311 MiB, 13 %
1, 2026/10/08 20:47:18.099, 359 MiB, 12288 MiB, 0 %
0, 2026/10/08 20:47:19.114, 5280 MiB, 16311 MiB, 14 %
1, 2026/10/08 20:47:19.114, 359 MiB, 12288 MiB, 0 %
0, 2026/10/08 20:47:20.125, 5280 MiB, 16311 MiB, 16 %
1, 2026/10/08 20:47:20.125, 359 MiB, 12288 MiB, 1 %
0, 2026/10/08 20:47:21.136, 5280 MiB, 16311 MiB, 14 %
1, 2026/10/08 20:47:21.136, 359 MiB, 12288 MiB, 0 %
0, 2026/10/08 20:47:22.143, 5280 MiB, 16311 MiB, 13 %
1, 2026/10/08 20:47:22.158, 359 MiB, 12288 MiB, 0 %
0, 2026/10/08 20:47:23.169, 5280 MiB, 16311 MiB, 14 %
1, 2026/10/08 20:47:23.169, 359 MiB, 12288 MiB, 1 %
0, 2026/10/08 20:47:24.180, 5280 MiB, 16311 MiB, 13 %
1, 2026/10/08 20:47:24.180, 359 MiB, 12288 MiB, 0 %
0, 2026/10/08 20:47:25.190, 5280 MiB, 16311 MiB, 14 %
1, 2026/10/08 20:47:25.190, 359 MiB, 12288 MiB, 0 %
0, 2026/10/08 20:47:26.199, 5280 MiB, 16311 MiB, 14 %
1, 2026/10/08 20:47:26.199, 359 MiB, 12288 MiB, 0 %
0, 2026/10/08 20:47:27.208, 5280 MiB, 16311 MiB, 15 %
1, 2026/10/08 20:47:27.208, 359 MiB, 12288 MiB, 0 %
0, 2026/10/08 20:47:28.217, 5280 MiB, 16311 MiB, 15 %
1, 2026/10/08 20:47:28.217, 359 MiB, 12288 MiB, 0 %
0, 2026/10/08 20:47:29.228, 5280 MiB, 16311 MiB, 13 %
1, 2026/10/08 20:47:29.228, 359 MiB, 12288 MiB, 0 %
0, 2026/10/08 20:47:30.228, 5280 MiB, 16311 MiB, 15 %
1, 2026/10/08 20:47:30.228, 359 MiB, 12288 MiB, 0 %
0, 2026/10/08 20:47:31.236, 5280 MiB, 16311 MiB, 14 %
1, 2026/10/08 20:47:31.236, 359 MiB, 12288 MiB, 0 %
0, 2026/10/08 20:47:32.247, 5280 MiB, 16311 MiB, 14 %
1, 2026/10/08 20:47:32.247, 359 MiB, 12288 MiB, 0 %
0, 2026/10/08 20:47:33.259, 5280 MiB, 16311 MiB, 14 %
1, 2026/10/08 20:47:33.259, 359 MiB, 12288 MiB, 0 %
0, 2026/10/08 20:47:34.270, 5280 MiB, 16311 MiB, 15 %
1, 2026/10/08 20:47:34.270, 359 MiB, 12288 MiB, 0 %
0, 2026/10/08 20:47:35.279, 5280 MiB, 16311 MiB, 15 %
1, 2026/10/08 20:47:35.279, 359 MiB, 12288 MiB, 0 %
0, 2026/10/08 20:47:36.291, 5277 MiB, 16311 MiB, 14 %
1, 2026/10/08 20:47:36.291, 359 MiB, 12288 MiB, 0 %
0, 2026/10/08 20:47:37.302, 5277 MiB, 16311 MiB, 14 %
1, 2026/10/08 20:47:37.302, 359 MiB, 12288 MiB, 0 %
0, 2026/10/08 20:47:38.311, 5277 MiB, 16311 MiB, 19 %
1, 2026/10/08 20:47:38.311, 359 MiB, 12288 MiB, 0 %
0, 2026/10/08 20:47:39.321, 5285 MiB, 16311 MiB, 12 %
1, 2026/10/08 20:47:39.321, 359 MiB, 12288 MiB, 0 %
0, 2026/10/08 20:47:40.328, 5285 MiB, 16311 MiB, 14 %
1, 2026/10/08 20:47:40.328, 359 MiB, 12288 MiB, 0 %
0, 2026/10/08 20:47:41.337, 5280 MiB, 16311 MiB, 12 %
1, 2026/10/08 20:47:41.337, 359 MiB, 12288 MiB, 0 %
0, 2026/10/08 20:47:42.344, 5280 MiB, 16311 MiB, 13 %
1, 2026/10/08 20:47:42.344, 359 MiB, 12288 MiB, 0 %
0, 2026/10/08 20:47:43.355, 5280 MiB, 16311 MiB, 13 %
1, 2026/10/08 20:47:43.355, 359 MiB, 12288 MiB, 0 %
0, 2026/10/08 20:47:44.363, 5280 MiB, 16311 MiB, 12 %
1, 2026/10/08 20:47:44.363, 359 MiB, 12288 MiB, 0 %
0, 2026/10/08 20:47:45.376, 5280 MiB, 16311 MiB, 13 %
1, 2026/10/08 20:47:45.376, 359 MiB, 12288 MiB, 0 %
0, 2026/10/08 20:47:46.383, 5280 MiB, 16311 MiB, 11 %
1, 2026/10/08 20:47:46.383, 359 MiB, 12288 MiB, 0 %
0, 2026/10/08 20:47:47.390, 5280 MiB, 16311 MiB, 13 %
1, 2026/10/08 20:47:47.390, 359 MiB, 12288 MiB, 0 %
0, 2026/10/08 20:47:48.401, 5280 MiB, 16311 MiB, 12 %
1, 2026/10/08 20:47:48.401, 359 MiB, 12288 MiB, 0 %
0, 2026/10/08 20:47:49.413, 4736 MiB, 16311 MiB, 17 %
1, 2026/10/08 20:47:49.413, 359 MiB, 12288 MiB, 0 %
0, 2026/10/08 20:47:50.425, 4736 MiB, 16311 MiB, 24 %
1, 2026/10/08 20:47:50.425, 359 MiB, 12288 MiB, 0 %
0, 2026/10/08 20:47:51.434, 4736 MiB, 16311 MiB, 15 %
1, 2026/10/08 20:47:51.434, 359 MiB, 12288 MiB, 0 %
0, 2026/10/08 20:47:52.442, 4736 MiB, 16311 MiB, 18 %
1, 2026/10/08 20:47:52.442, 359 MiB, 12288 MiB, 0 %
0, 2026/10/08 20:47:53.450, 4736 MiB, 16311 MiB, 18 %
1, 2026/10/08 20:47:53.450, 359 MiB, 12288 MiB, 0 %
0, 2026/10/08 20:47:54.464, 4736 MiB, 16311 MiB, 16 %
1, 2026/10/08 20:47:54.464, 359 MiB, 12288 MiB, 0 %
0, 2026/10/08 20:47:55.478, 4736 MiB, 16311 MiB, 16 %
1, 2026/10/08 20:47:55.478, 359 MiB, 12288 MiB, 0 %
0, 2026/10/08 20:47:56.488, 4736 MiB, 16311 MiB, 18 %
1, 2026/10/08 20:47:56.488, 359 MiB, 12288 MiB, 0 %
0, 2026/10/08 20:47:57.496, 4736 MiB, 16311 MiB, 15 %
1, 2026/10/08 20:47:57.496, 359 MiB, 12288 MiB, 0 %
0, 2026/10/08 20:47:58.506, 4736 MiB, 16311 MiB, 17 %
1, 2026/10/08 20:47:58.506, 359 MiB, 12288 MiB, 0 %
0, 2026/10/08 20:47:59.516, 4736 MiB, 16311 MiB, 19 %
1, 2026/10/08 20:47:59.516, 359 MiB, 12288 MiB, 0 %
0, 2026/10/08 20:48:00.523, 4736 MiB, 16311 MiB, 15 %
1, 2026/10/08 20:48:00.523, 359 MiB, 12288 MiB, 0 %
0, 2026/10/08 20:48:01.537, 4736 MiB, 16311 MiB, 18 %
1, 2026/10/08 20:48:01.537, 359 MiB, 12288 MiB, 0 %
0, 2026/10/08 20:48:02.545, 10528 MiB, 16311 MiB, 99 %
1, 2026/10/08 20:48:02.545, 359 MiB, 12288 MiB, 0 %
0, 2026/10/08 20:48:03.556, 10528 MiB, 16311 MiB, 99 %
1, 2026/10/08 20:48:03.556, 359 MiB, 12288 MiB, 0 %
0, 2026/10/08 20:48:04.570, 10752 MiB, 16311 MiB, 99 %
1, 2026/10/08 20:48:04.570, 359 MiB, 12288 MiB, 0 %
0, 2026/10/08 20:48:05.576, 10752 MiB, 16311 MiB, 99 %
1, 2026/10/08 20:48:05.576, 359 MiB, 12288 MiB, 0 %
0, 2026/10/08 20:48:06.588, 11584 MiB, 16311 MiB, 99 %
1, 2026/10/08 20:48:06.588, 359 MiB, 12288 MiB, 0 %
0, 2026/10/08 20:48:07.597, 11680 MiB, 16311 MiB, 100 %
1, 2026/10/08 20:48:07.597, 359 MiB, 12288 MiB, 0 %
0, 2026/10/08 20:48:08.609, 11680 MiB, 16311 MiB, 99 %
1, 2026/10/08 20:48:08.609, 359 MiB, 12288 MiB, 0 %
0, 2026/10/08 20:48:09.617, 11685 MiB, 16311 MiB, 40 %
1, 2026/10/08 20:48:09.617, 359 MiB, 12288 MiB, 2 %
0, 2026/10/08 20:48:10.627, 11685 MiB, 16311 MiB, 19 %
1, 2026/10/08 20:48:10.627, 359 MiB, 12288 MiB, 0 %
0, 2026/10/08 20:48:11.636, 11680 MiB, 16311 MiB, 14 %
1, 2026/10/08 20:48:11.636, 359 MiB, 12288 MiB, 0 %
0, 2026/10/08 20:48:12.648, 11680 MiB, 16311 MiB, 12 %
1, 2026/10/08 20:48:12.648, 359 MiB, 12288 MiB, 0 %
0, 2026/10/08 20:48:13.660, 11680 MiB, 16311 MiB, 11 %
1, 2026/10/08 20:48:13.660, 359 MiB, 12288 MiB, 0 %
0, 2026/10/08 20:48:14.668, 11680 MiB, 16311 MiB, 13 %
1, 2026/10/08 20:48:14.668, 359 MiB, 12288 MiB, 3 %
0, 2026/10/08 20:48:15.681, 11680 MiB, 16311 MiB, 11 %
1, 2026/10/08 20:48:15.681, 359 MiB, 12288 MiB, 0 %
0, 2026/10/08 20:48:16.695, 11680 MiB, 16311 MiB, 10 %
1, 2026/10/08 20:48:16.695, 359 MiB, 12288 MiB, 0 %
0, 2026/10/08 20:48:17.705, 11680 MiB, 16311 MiB, 11 %
1, 2026/10/08 20:48:17.705, 359 MiB, 12288 MiB, 0 %
0, 2026/10/08 20:48:18.720, 11680 MiB, 16311 MiB, 10 %
1, 2026/10/08 20:48:18.720, 359 MiB, 12288 MiB, 0 %
0, 2026/10/08 20:48:19.731, 11680 MiB, 16311 MiB, 13 %
1, 2026/10/08 20:48:19.731, 359 MiB, 12288 MiB, 3 %
0, 2026/10/08 20:48:20.741, 11680 MiB, 16311 MiB, 13 %
1, 2026/10/08 20:48:20.741, 359 MiB, 12288 MiB, 0 %
0, 2026/10/08 20:48:21.754, 11680 MiB, 16311 MiB, 13 %
1, 2026/10/08 20:48:21.754, 359 MiB, 12288 MiB, 0 %
0, 2026/10/08 20:48:22.767, 11680 MiB, 16311 MiB, 10 %
1, 2026/10/08 20:48:22.767, 359 MiB, 12288 MiB, 0 %
0, 2026/10/08 20:48:23.778, 11680 MiB, 16311 MiB, 10 %
1, 2026/10/08 20:48:23.778, 359 MiB, 12288 MiB, 0 %
0, 2026/10/08 20:48:24.791, 11680 MiB, 16311 MiB, 12 %
1, 2026/10/08 20:48:24.791, 359 MiB, 12288 MiB, 2 %
0, 2026/10/08 20:48:25.802, 11680 MiB, 16311 MiB, 10 %
1, 2026/10/08 20:48:25.802, 359 MiB, 12288 MiB, 0 %
0, 2026/10/08 20:48:26.814, 11680 MiB, 16311 MiB, 9 %
1, 2026/10/08 20:48:26.814, 359 MiB, 12288 MiB, 0 %
0, 2026/10/08 20:48:27.828, 11680 MiB, 16311 MiB, 9 %
1, 2026/10/08 20:48:27.828, 359 MiB, 12288 MiB, 0 %
0, 2026/10/08 20:48:28.837, 11677 MiB, 16311 MiB, 1 %
1, 2026/10/08 20:48:28.837, 359 MiB, 12288 MiB, 0 %
0, 2026/10/08 20:48:29.848, 11672 MiB, 16311 MiB, 46 %
1, 2026/10/08 20:48:29.848, 359 MiB, 12288 MiB, 2 %
0, 2026/10/08 20:48:30.863, 11680 MiB, 16311 MiB, 20 %
1, 2026/10/08 20:48:30.863, 359 MiB, 12288 MiB, 0 %
0, 2026/10/08 20:48:31.873, 11675 MiB, 16311 MiB, 37 %
1, 2026/10/08 20:48:31.873, 359 MiB, 12288 MiB, 0 %
0, 2026/10/08 20:48:32.884, 11675 MiB, 16311 MiB, 98 %
1, 2026/10/08 20:48:32.884, 359 MiB, 12288 MiB, 0 %
0, 2026/10/08 20:48:33.892, 11675 MiB, 16311 MiB, 100 %
1, 2026/10/08 20:48:33.892, 359 MiB, 12288 MiB, 0 %
0, 2026/10/08 20:48:34.902, 4315 MiB, 16311 MiB, 3 %
1, 2026/10/08 20:48:34.902, 359 MiB, 12288 MiB, 2 %
0, 2026/10/08 20:48:35.910, 4315 MiB, 16311 MiB, 1 %
1, 2026/10/08 20:48:35.910, 359 MiB, 12288 MiB, 0 %
0, 2026/10/08 20:48:36.920, 5083 MiB, 16311 MiB, 1 %
1, 2026/10/08 20:48:36.920, 359 MiB, 12288 MiB, 0 %
0, 2026/10/08 20:48:37.921, 5079 MiB, 16311 MiB, 37 %
1, 2026/10/08 20:48:37.921, 359 MiB, 12288 MiB, 0 %
0, 2026/10/08 20:48:38.923, 5087 MiB, 16311 MiB, 31 %
1, 2026/10/08 20:48:38.923, 359 MiB, 12288 MiB, 0 %
0, 2026/10/08 20:48:39.938, 5087 MiB, 16311 MiB, 29 %
1, 2026/10/08 20:48:39.938, 359 MiB, 12288 MiB, 2 %
0, 2026/10/08 20:48:40.948, 6395 MiB, 16311 MiB, 98 %
1, 2026/10/08 20:48:40.948, 359 MiB, 12288 MiB, 0 %
0, 2026/10/08 20:48:41.957, 6651 MiB, 16311 MiB, 99 %
1, 2026/10/08 20:48:41.957, 359 MiB, 12288 MiB, 0 %
0, 2026/10/08 20:48:42.968, 6651 MiB, 16311 MiB, 77 %
1, 2026/10/08 20:48:42.968, 359 MiB, 12288 MiB, 0 %
0, 2026/10/08 20:48:43.979, 6651 MiB, 16311 MiB, 56 %
1, 2026/10/08 20:48:43.979, 359 MiB, 12288 MiB, 0 %
0, 2026/10/08 20:48:44.990, 6651 MiB, 16311 MiB, 37 %
1, 2026/10/08 20:48:44.990, 359 MiB, 12288 MiB, 3 %
0, 2026/10/08 20:48:46.002, 6651 MiB, 16311 MiB, 19 %
1, 2026/10/08 20:48:46.002, 359 MiB, 12288 MiB, 0 %
0, 2026/10/08 20:48:47.011, 6651 MiB, 16311 MiB, 14 %
1, 2026/10/08 20:48:47.011, 359 MiB, 12288 MiB, 0 %
0, 2026/10/08 20:48:48.020, 6651 MiB, 16311 MiB, 12 %
1, 2026/10/08 20:48:48.020, 359 MiB, 12288 MiB, 0 %
0, 2026/10/08 20:48:49.026, 6651 MiB, 16311 MiB, 9 %
1, 2026/10/08 20:48:49.026, 359 MiB, 12288 MiB, 0 %
0, 2026/10/08 20:48:50.029, 6651 MiB, 16311 MiB, 13 %
1, 2026/10/08 20:48:50.029, 359 MiB, 12288 MiB, 2 %
0, 2026/10/08 20:48:51.037, 6651 MiB, 16311 MiB, 9 %
1, 2026/10/08 20:48:51.037, 359 MiB, 12288 MiB, 0 %
0, 2026/10/08 20:48:52.047, 6651 MiB, 16311 MiB, 10 %
1, 2026/10/08 20:48:52.047, 359 MiB, 12288 MiB, 0 %
0, 2026/10/08 20:48:53.059, 6651 MiB, 16311 MiB, 93 %
1, 2026/10/08 20:48:53.059, 359 MiB, 12288 MiB, 0 %
0, 2026/10/08 20:48:54.067, 5115 MiB, 16311 MiB, 71 %
1, 2026/10/08 20:48:54.067, 359 MiB, 12288 MiB, 0 %
0, 2026/10/08 20:48:55.083, 5115 MiB, 16311 MiB, 66 %
1, 2026/10/08 20:48:55.083, 359 MiB, 12288 MiB, 3 %
0, 2026/10/08 20:48:56.093, 6139 MiB, 16311 MiB, 99 %
1, 2026/10/08 20:48:56.093, 359 MiB, 12288 MiB, 0 %
0, 2026/10/08 20:48:57.102, 6395 MiB, 16311 MiB, 36 %
1, 2026/10/08 20:48:57.102, 359 MiB, 12288 MiB, 0 %
0, 2026/10/08 20:48:58.112, 6395 MiB, 16311 MiB, 11 %
1, 2026/10/08 20:48:58.112, 359 MiB, 12288 MiB, 0 %
0, 2026/10/08 20:48:59.121, 6395 MiB, 16311 MiB, 11 %
1, 2026/10/08 20:48:59.121, 359 MiB, 12288 MiB, 0 %
0, 2026/10/08 20:49:00.128, 6395 MiB, 16311 MiB, 11 %
1, 2026/10/08 20:49:00.128, 359 MiB, 12288 MiB, 0 %
0, 2026/10/08 20:49:01.139, 6395 MiB, 16311 MiB, 10 %
1, 2026/10/08 20:49:01.139, 359 MiB, 12288 MiB, 0 %
0, 2026/10/08 20:49:02.145, 6395 MiB, 16311 MiB, 10 %
1, 2026/10/08 20:49:02.145, 359 MiB, 12288 MiB, 0 %
0, 2026/10/08 20:49:03.157, 7067 MiB, 16311 MiB, 71 %
1, 2026/10/08 20:49:03.157, 359 MiB, 12288 MiB, 0 %
0, 2026/10/08 20:49:04.173, 7067 MiB, 16311 MiB, 13 %
1, 2026/10/08 20:49:04.173, 359 MiB, 12288 MiB, 0 %
0, 2026/10/08 20:49:05.188, 7067 MiB, 16311 MiB, 17 %
1, 2026/10/08 20:49:05.188, 359 MiB, 12288 MiB, 0 %
0, 2026/10/08 20:49:06.203, 7075 MiB, 16311 MiB, 11 %
1, 2026/10/08 20:49:06.203, 359 MiB, 12288 MiB, 0 %
0, 2026/10/08 20:49:07.218, 7075 MiB, 16311 MiB, 10 %
1, 2026/10/08 20:49:07.218, 359 MiB, 12288 MiB, 0 %
0, 2026/10/08 20:49:08.231, 7071 MiB, 16311 MiB, 10 %
1, 2026/10/08 20:49:08.231, 359 MiB, 12288 MiB, 0 %
0, 2026/10/08 20:49:09.244, 7103 MiB, 16311 MiB, 9 %
1, 2026/10/08 20:49:09.244, 359 MiB, 12288 MiB, 0 %
0, 2026/10/08 20:49:10.257, 7103 MiB, 16311 MiB, 74 %
1, 2026/10/08 20:49:10.257, 359 MiB, 12288 MiB, 0 %
0, 2026/10/08 20:49:11.272, 7103 MiB, 16311 MiB, 13 %
1, 2026/10/08 20:49:11.272, 359 MiB, 12288 MiB, 0 %
0, 2026/10/08 20:49:12.284, 7099 MiB, 16311 MiB, 12 %
1, 2026/10/08 20:49:12.284, 359 MiB, 12288 MiB, 0 %
0, 2026/10/08 20:49:13.285, 7099 MiB, 16311 MiB, 11 %
1, 2026/10/08 20:49:13.285, 359 MiB, 12288 MiB, 0 %
0, 2026/10/08 20:49:14.299, 7099 MiB, 16311 MiB, 10 %
1, 2026/10/08 20:49:14.299, 359 MiB, 12288 MiB, 0 %
0, 2026/10/08 20:49:15.311, 7099 MiB, 16311 MiB, 11 %
1, 2026/10/08 20:49:15.311, 359 MiB, 12288 MiB, 0 %
0, 2026/10/08 20:49:16.325, 7675 MiB, 16311 MiB, 15 %
1, 2026/10/08 20:49:16.325, 359 MiB, 12288 MiB, 0 %
0, 2026/10/08 20:49:17.330, 7675 MiB, 16311 MiB, 76 %
1, 2026/10/08 20:49:17.330, 359 MiB, 12288 MiB, 0 %
0, 2026/10/08 20:49:18.341, 7675 MiB, 16311 MiB, 14 %
1, 2026/10/08 20:49:18.341, 359 MiB, 12288 MiB, 0 %
0, 2026/10/08 20:49:19.342, 7675 MiB, 16311 MiB, 10 %
1, 2026/10/08 20:49:19.342, 359 MiB, 12288 MiB, 0 %
0, 2026/10/08 20:49:20.357, 7675 MiB, 16311 MiB, 12 %
1, 2026/10/08 20:49:20.357, 359 MiB, 12288 MiB, 0 %
0, 2026/10/08 20:49:21.371, 7675 MiB, 16311 MiB, 10 %
1, 2026/10/08 20:49:21.371, 359 MiB, 12288 MiB, 0 %
0, 2026/10/08 20:49:22.386, 7675 MiB, 16311 MiB, 10 %
1, 2026/10/08 20:49:22.386, 359 MiB, 12288 MiB, 0 %
0, 2026/10/08 20:49:23.398, 7675 MiB, 16311 MiB, 83 %
1, 2026/10/08 20:49:23.398, 359 MiB, 12288 MiB, 0 %
0, 2026/10/08 20:49:24.400, 7675 MiB, 16311 MiB, 21 %
1, 2026/10/08 20:49:24.400, 359 MiB, 12288 MiB, 0 %
0, 2026/10/08 20:49:25.414, 7675 MiB, 16311 MiB, 13 %
1, 2026/10/08 20:49:25.414, 359 MiB, 12288 MiB, 0 %
0, 2026/10/08 20:49:26.429, 7675 MiB, 16311 MiB, 14 %
1, 2026/10/08 20:49:26.429, 359 MiB, 12288 MiB, 0 %
0, 2026/10/08 20:49:27.442, 7683 MiB, 16311 MiB, 11 %
1, 2026/10/08 20:49:27.442, 359 MiB, 12288 MiB, 0 %
0, 2026/10/08 20:49:28.454, 7683 MiB, 16311 MiB, 10 %
1, 2026/10/08 20:49:28.454, 359 MiB, 12288 MiB, 0 %
0, 2026/10/08 20:49:29.468, 7679 MiB, 16311 MiB, 10 %
1, 2026/10/08 20:49:29.468, 359 MiB, 12288 MiB, 0 %
0, 2026/10/08 20:49:30.483, 7743 MiB, 16311 MiB, 86 %
1, 2026/10/08 20:49:30.483, 359 MiB, 12288 MiB, 0 %
0, 2026/10/08 20:49:31.495, 7743 MiB, 16311 MiB, 15 %
1, 2026/10/08 20:49:31.495, 359 MiB, 12288 MiB, 0 %
0, 2026/10/08 20:49:32.505, 7739 MiB, 16311 MiB, 12 %
1, 2026/10/08 20:49:32.505, 359 MiB, 12288 MiB, 0 %
0, 2026/10/08 20:49:33.517, 7739 MiB, 16311 MiB, 11 %
1, 2026/10/08 20:49:33.517, 359 MiB, 12288 MiB, 0 %
0, 2026/10/08 20:49:34.530, 7739 MiB, 16311 MiB, 11 %
1, 2026/10/08 20:49:34.530, 359 MiB, 12288 MiB, 0 %
0, 2026/10/08 20:49:35.540, 7738 MiB, 16311 MiB, 10 %
1, 2026/10/08 20:49:35.540, 359 MiB, 12288 MiB, 0 %
0, 2026/10/08 20:49:36.552, 7738 MiB, 16311 MiB, 93 %
1, 2026/10/08 20:49:36.552, 359 MiB, 12288 MiB, 0 %
0, 2026/10/08 20:49:37.562, 7738 MiB, 16311 MiB, 44 %
1, 2026/10/08 20:49:37.562, 359 MiB, 12288 MiB, 0 %
0, 2026/10/08 20:49:38.573, 7738 MiB, 16311 MiB, 12 %
1, 2026/10/08 20:49:38.573, 359 MiB, 12288 MiB, 0 %
0, 2026/10/08 20:49:39.584, 7738 MiB, 16311 MiB, 12 %
1, 2026/10/08 20:49:39.584, 359 MiB, 12288 MiB, 0 %
0, 2026/10/08 20:49:40.599, 7738 MiB, 16311 MiB, 10 %
1, 2026/10/08 20:49:40.599, 359 MiB, 12288 MiB, 0 %
0, 2026/10/08 20:49:41.609, 7734 MiB, 16311 MiB, 9 %
1, 2026/10/08 20:49:41.609, 359 MiB, 12288 MiB, 0 %
0, 2026/10/08 20:49:42.623, 7734 MiB, 16311 MiB, 10 %
1, 2026/10/08 20:49:42.623, 359 MiB, 12288 MiB, 0 %
0, 2026/10/08 20:49:43.631, 7734 MiB, 16311 MiB, 75 %
1, 2026/10/08 20:49:43.631, 359 MiB, 12288 MiB, 0 %
0, 2026/10/08 20:49:44.637, 7742 MiB, 16311 MiB, 15 %
1, 2026/10/08 20:49:44.637, 359 MiB, 12288 MiB, 2 %
0, 2026/10/08 20:49:45.648, 7742 MiB, 16311 MiB, 11 %
1, 2026/10/08 20:49:45.648, 359 MiB, 12288 MiB, 0 %
0, 2026/10/08 20:49:46.651, 7738 MiB, 16311 MiB, 11 %
1, 2026/10/08 20:49:46.651, 359 MiB, 12288 MiB, 0 %
0, 2026/10/08 20:49:47.663, 7738 MiB, 16311 MiB, 9 %
1, 2026/10/08 20:49:47.663, 359 MiB, 12288 MiB, 0 %
0, 2026/10/08 20:49:48.674, 7738 MiB, 16311 MiB, 13 %
1, 2026/10/08 20:49:48.674, 359 MiB, 12288 MiB, 0 %
0, 2026/10/08 20:49:49.688, 7738 MiB, 16311 MiB, 81 %
1, 2026/10/08 20:49:49.688, 359 MiB, 12288 MiB, 2 %
0, 2026/10/08 20:49:50.700, 7738 MiB, 16311 MiB, 45 %
1, 2026/10/08 20:49:50.700, 359 MiB, 12288 MiB, 0 %
0, 2026/10/08 20:49:51.708, 7738 MiB, 16311 MiB, 12 %
1, 2026/10/08 20:49:51.708, 359 MiB, 12288 MiB, 0 %
0, 2026/10/08 20:49:52.718, 7738 MiB, 16311 MiB, 11 %
1, 2026/10/08 20:49:52.718, 359 MiB, 12288 MiB, 0 %
0, 2026/10/08 20:49:53.731, 7738 MiB, 16311 MiB, 10 %
1, 2026/10/08 20:49:53.731, 359 MiB, 12288 MiB, 0 %
0, 2026/10/08 20:49:54.742, 7738 MiB, 16311 MiB, 12 %
1, 2026/10/08 20:49:54.742, 359 MiB, 12288 MiB, 2 %
0, 2026/10/08 20:49:55.753, 7738 MiB, 16311 MiB, 83 %
1, 2026/10/08 20:49:55.753, 359 MiB, 12288 MiB, 0 %
0, 2026/10/08 20:49:56.762, 7738 MiB, 16311 MiB, 26 %
1, 2026/10/08 20:49:56.762, 359 MiB, 12288 MiB, 0 %
0, 2026/10/08 20:49:57.773, 7738 MiB, 16311 MiB, 12 %
1, 2026/10/08 20:49:57.773, 359 MiB, 12288 MiB, 0 %
0, 2026/10/08 20:49:58.782, 7738 MiB, 16311 MiB, 10 %
1, 2026/10/08 20:49:58.782, 359 MiB, 12288 MiB, 0 %
0, 2026/10/08 20:49:59.791, 7738 MiB, 16311 MiB, 12 %
1, 2026/10/08 20:49:59.791, 359 MiB, 12288 MiB, 3 %
0, 2026/10/08 20:50:00.799, 7738 MiB, 16311 MiB, 10 %
1, 2026/10/08 20:50:00.799, 359 MiB, 12288 MiB, 0 %
0, 2026/10/08 20:50:01.811, 7738 MiB, 16311 MiB, 10 %
1, 2026/10/08 20:50:01.811, 359 MiB, 12288 MiB, 0 %
0, 2026/10/08 20:50:02.819, 7738 MiB, 16311 MiB, 67 %
1, 2026/10/08 20:50:02.819, 359 MiB, 12288 MiB, 0 %
0, 2026/10/08 20:50:03.833, 7738 MiB, 16311 MiB, 13 %
1, 2026/10/08 20:50:03.833, 359 MiB, 12288 MiB, 0 %
0, 2026/10/08 20:50:04.846, 7738 MiB, 16311 MiB, 12 %
1, 2026/10/08 20:50:04.846, 359 MiB, 12288 MiB, 2 %
0, 2026/10/08 20:50:05.857, 7734 MiB, 16311 MiB, 10 %
1, 2026/10/08 20:50:05.857, 359 MiB, 12288 MiB, 0 %
0, 2026/10/08 20:50:06.868, 7734 MiB, 16311 MiB, 10 %
1, 2026/10/08 20:50:06.868, 359 MiB, 12288 MiB, 0 %
0, 2026/10/08 20:50:07.876, 4310 MiB, 16311 MiB, 28 %
1, 2026/10/08 20:50:07.876, 359 MiB, 12288 MiB, 0 %
0, 2026/10/08 20:50:08.889, 4918 MiB, 16311 MiB, 74 %
1, 2026/10/08 20:50:08.889, 359 MiB, 12288 MiB, 0 %
0, 2026/10/08 20:50:09.901, 4918 MiB, 16311 MiB, 73 %
1, 2026/10/08 20:50:09.901, 359 MiB, 12288 MiB, 3 %
0, 2026/10/08 20:50:10.916, 4918 MiB, 16311 MiB, 1 %
1, 2026/10/08 20:50:10.916, 359 MiB, 12288 MiB, 0 %
0, 2026/10/08 20:50:11.930, 4918 MiB, 16311 MiB, 1 %
1, 2026/10/08 20:50:11.930, 359 MiB, 12288 MiB, 0 %
0, 2026/10/08 20:50:12.944, 4918 MiB, 16311 MiB, 1 %
1, 2026/10/08 20:50:12.944, 359 MiB, 12288 MiB, 0 %
0, 2026/10/08 20:50:13.956, 4918 MiB, 16311 MiB, 1 %
1, 2026/10/08 20:50:13.956, 359 MiB, 12288 MiB, 0 %
0, 2026/10/08 20:50:14.969, 4310 MiB, 16311 MiB, 3 %
1, 2026/10/08 20:50:14.969, 359 MiB, 12288 MiB, 2 %
0, 2026/10/08 20:50:15.970, 4310 MiB, 16311 MiB, 1 %
1, 2026/10/08 20:50:15.970, 359 MiB, 12288 MiB, 0 %
0, 2026/10/08 20:50:16.979, 4310 MiB, 16311 MiB, 1 %
1, 2026/10/08 20:50:16.979, 359 MiB, 12288 MiB, 0 %
0, 2026/10/08 20:50:17.994, 4310 MiB, 16311 MiB, 1 %
1, 2026/10/08 20:50:17.994, 359 MiB, 12288 MiB, 0 %
0, 2026/10/08 20:50:19.008, 4310 MiB, 16311 MiB, 1 %
1, 2026/10/08 20:50:19.008, 359 MiB, 12288 MiB, 0 %
0, 2026/10/08 20:50:20.017, 4310 MiB, 16311 MiB, 3 %
1, 2026/10/08 20:50:20.017, 359 MiB, 12288 MiB, 2 %
0, 2026/10/08 20:50:21.027, 4310 MiB, 16311 MiB, 1 %
1, 2026/10/08 20:50:21.027, 359 MiB, 12288 MiB, 0 %
0, 2026/10/08 20:50:22.038, 4310 MiB, 16311 MiB, 1 %
1, 2026/10/08 20:50:22.038, 359 MiB, 12288 MiB, 0 %
0, 2026/10/08 20:50:23.049, 4318 MiB, 16311 MiB, 1 %
1, 2026/10/08 20:50:23.049, 359 MiB, 12288 MiB, 0 %
0, 2026/10/08 20:50:24.052, 4318 MiB, 16311 MiB, 1 %
1, 2026/10/08 20:50:24.052, 359 MiB, 12288 MiB, 0 %
