node_id,class_type,start_s,duration_s,pct_total,end_source,cached
302,PreviewImage,0.096,0.0,0.0,executed-without-start,True
303,MaskPreview,0.096,0.0,0.0,executed-without-start,True
246,Preview3DAdvanced,0.096,0.0,0.0,executed-without-start,True
288,PrimitiveInt,0.096,0.002,0.0,next,False
186,DecimateMesh,0.098,4.338,2.32,next,False
238,MeshSmoothNormals,4.435,0.524,0.28,next,False
196,UnwrapMesh,4.959,30.548,16.33,next,False
147,BakeTextureFromVoxel,35.508,41.928,22.41,next,False
207,PreviewImage,77.436,0.823,0.44,executed,False
164,PreviewImage,78.259,0.804,0.43,executed,False
208,PreviewImage,79.065,0.796,0.43,executed,False
224,BakeNormalMapFromMesh,79.862,15.96,8.53,next,False
226,PreviewImage,95.823,0.235,0.13,executed,False
233,BakeAmbientOcclusion,96.059,79.089,42.27,next,False
235,PreviewImage,175.148,0.071,0.04,executed,False
261,RenderUVAtlas,175.219,4.012,2.14,next,False
262,PreviewImage,179.232,0.059,0.03,executed,False
252,PaintMesh,179.292,2.592,1.39,next,False
282,MeshToFile3D,181.884,0.029,0.02,next,False
323,Preview3DAdvanced,181.913,0.019,0.01,executed,False
210,ApplyTextureToMesh,181.932,0.215,0.11,next,False
260,MeshSmoothNormals,182.146,0.605,0.32,next,False
285,MeshToFile3D,182.752,4.31,2.3,next,False
322,Save3DAdvanced,187.061,0.056,0.03,executed,False
